<?xml version="1.0"?>
<config xmlns:xsi="http://www.w3.org/2001/XMLSchema-instance" xsi:noNamespaceSchemaLocation="urn:magento:framework:ObjectManager/etc/config.xsd">
    <virtualType name="Magento\Sales\Model\ResourceModel\Order\Grid" type="Magento\Sales\Model\ResourceModel\Grid">
        <arguments>
            <argument name="joins" xsi:type="array">
                <item name="sales_order" xsi:type="array">
                    <item name="table" xsi:type="string">sales_order</item>
                    <item name="origin_column" xsi:type="string">entity_id</item>
                    <item name="target_column" xsi:type="string">entity_id</item>
                </item>
            </argument>
            <argument name="columns" xsi:type="array">
                <item name="tips" xsi:type="string">sales_order.tips</item>
                <item name="clover_id" xsi:type="string">sales_order.clover_id</item>
            </argument>
        </arguments>
    </virtualType>
</config>